{"cameraMode":{"drawMode":0,"name":"Shaded","section":"Shading Mode"},"sceneLighting":false,"audioPlay":false,"sceneViewState":{"showFog":true,"showMaterialUpdate":false,"showSkybox":false,"showFlares":true,"showImageEffects":true,"showParticleSystems":true},"in2DMode":false,"pivot":{"x":-0.36123767495155337,"y":-9.159404754638672,"z":50.506805419921878},"rotation":{"x":0.09318603575229645,"y":-0.005601987708359957,"z":0.000826266361400485,"w":0.9957927465438843},"size":2.5578837394714357,"orthographic":false}