{"cameraMode":{"drawMode":0,"name":"Shaded","section":"Shading Mode"},"sceneLighting":false,"audioPlay":false,"sceneViewState":{"showFog":true,"showMaterialUpdate":false,"showSkybox":false,"showFlares":true,"showImageEffects":true,"showParticleSystems":true},"in2DMode":false,"pivot":{"x":-256.84600830078127,"y":512.4751586914063,"z":-1042.09716796875},"rotation":{"x":-0.10066378861665726,"y":0.02146306447684765,"z":-0.001640551956370473,"w":-0.9950337409973145},"size":8.281126022338868,"orthographic":false}