{"cameraMode":{"drawMode":0,"name":"Shaded","section":"Shading Mode"},"sceneLighting":false,"audioPlay":false,"sceneViewState":{"showFog":true,"showMaterialUpdate":false,"showSkybox":false,"showFlares":true,"showImageEffects":true,"showParticleSystems":true},"in2DMode":false,"pivot":{"x":-1.1721453666687012,"y":-5.598334789276123,"z":56.40811538696289},"rotation":{"x":0.08568988740444184,"y":-0.020512675866484643,"z":0.0023786015808582308,"w":0.9962894320487976},"size":55.608375549316409,"orthographic":false}