{"cameraMode":{"drawMode":0,"name":"Shaded","section":"Shading Mode"},"sceneLighting":false,"audioPlay":false,"sceneViewState":{"showFog":true,"showMaterialUpdate":false,"showSkybox":false,"showFlares":true,"showImageEffects":true,"showParticleSystems":true},"in2DMode":false,"pivot":{"x":-259.718505859375,"y":508.3459167480469,"z":-1036.551025390625},"rotation":{"x":0.06294063478708267,"y":0.02394973114132881,"z":-0.0015113118570297957,"w":0.9977338314056397},"size":1.1191163063049317,"orthographic":false}