{"cameraMode":{"drawMode":0,"name":"Shaded","section":"Shading Mode"},"sceneLighting":true,"audioPlay":false,"sceneViewState":{"showFog":true,"showMaterialUpdate":false,"showSkybox":false,"showFlares":true,"showImageEffects":true,"showParticleSystems":true},"in2DMode":false,"pivot":{"x":0.7911896705627441,"y":3.2041916847229006,"z":17.93419075012207},"rotation":{"x":0.06327169388532639,"y":0.027345135807991029,"z":-0.0011394747998565436,"w":0.9977962374687195},"size":23.775129318237306,"orthographic":false}